4. 以下两张基于 id 列，分别使用 INNER JOIN、LEFT JOIN、 RIGHT JOIN 的结果是什么?
``` SQL
Table1
+----+---------------+
| id | name          |
+----+---------------+
|  1 | table1_table2 |
|  2 | table1        |
+----+---------------+


Table2
+----+---------------+
| id | name          |
+----+---------------+
|  1 | table1_table2 |
|  3 | table2        |
+----+---------------+
```

#### 创建Table
``` SQL
mysql> show create table Table1;
+--------+----------------------------------------------------------------------------------------------------------------------------------------------------------------------------------------------------------------------------------------+
| Table  | Create Table                                                                                                                                                                                                                           |
+--------+----------------------------------------------------------------------------------------------------------------------------------------------------------------------------------------------------------------------------------------+
| Table1 | CREATE TABLE `Table1` (
  `id` int(11) NOT NULL AUTO_INCREMENT,
  `name` varchar(50) COLLATE utf8mb4_unicode_ci DEFAULT NULL,
  PRIMARY KEY (`id`)
) ENGINE=InnoDB AUTO_INCREMENT=3 DEFAULT CHARSET=utf8mb4 COLLATE=utf8mb4_unicode_ci |
+--------+----------------------------------------------------------------------------------------------------------------------------------------------------------------------------------------------------------------------------------------+
1 row in set (0.00 sec)

mysql> show create table Table2;
+--------+----------------------------------------------------------------------------------------------------------------------------------------------------------------------------------------------------------------------------------------+
| Table  | Create Table                                                                                                                                                                                                                           |
+--------+----------------------------------------------------------------------------------------------------------------------------------------------------------------------------------------------------------------------------------------+
| Table2 | CREATE TABLE `Table2` (
  `id` int(11) NOT NULL AUTO_INCREMENT,
  `name` varchar(50) COLLATE utf8mb4_unicode_ci DEFAULT NULL,
  PRIMARY KEY (`id`)
) ENGINE=InnoDB AUTO_INCREMENT=4 DEFAULT CHARSET=utf8mb4 COLLATE=utf8mb4_unicode_ci |
+--------+----------------------------------------------------------------------------------------------------------------------------------------------------------------------------------------------------------------------------------------+
1 row in set (0.00 sec)
```

#### INNER JOIN
``` SQL
mysql> SELECT Table1.id, Table1.name, Table2.id, Table2.name
    -> FROM Table1
    -> INNER JOIN Table2
    -> ON Table1.id = Table2.id;
+----+---------------+----+---------------+
| id | name          | id | name          |
+----+---------------+----+---------------+
|  1 | table1_table2 |  1 | table1_table2 |
+----+---------------+----+---------------+
1 row in set (0.00 sec)
```

#### LEFT JOIN
``` SQL
mysql> SELECT Table1.id, Table1.name, Table2.id, Table2.name
    -> FROM Table1
    -> LEFT JOIN Table2
    -> ON Table1.id = Table2.id;
+----+---------------+------+---------------+
| id | name          | id   | name          |
+----+---------------+------+---------------+
|  1 | table1_table2 |    1 | table1_table2 |
|  2 | table1        | NULL | NULL          |
+----+---------------+------+---------------+
2 rows in set (0.00 sec)

```
#### RIGHT JOIN

``` SQL
mysql> SELECT Table1.id, Table1.name, Table2.id, Table2.name
    -> FROM Table1
    -> RIGHT JOIN Table2
    -> ON Table1.id = Table2.id;
+------+---------------+----+---------------+
| id   | name          | id | name          |
+------+---------------+----+---------------+
|    1 | table1_table2 |  1 | table1_table2 |
| NULL | NULL          |  3 | table2        |
+------+---------------+----+---------------+
2 rows in set (0.01 sec)

```